{
    "original_flight": {
        "NOX_GPW_20": 428086.442,
        "NOX_GPW_100": 78438.19900000001,
        "CONTRAIL_GWP_20": -138607.23139976777,
        "CONTRAIL_GWP_100": -37644.46398243693,
        "total_fuel": 55924.1609,
        "total_co2": 176664.4243
    },
    "altered_flight1": {
        "NOX_GPW_20": 276762.22,
        "NOX_GPW_100": 50711.09,
        "CONTRAIL_GWP_20": -4369.678152591665,
        "CONTRAIL_GWP_100": -1186.7648618970547,
        "total_fuel": 40535.12226,
        "total_co2": 128050.4512
    }
}