{
    "original_flight": {
        "NOX_GPW_20": 428086.442,
        "NOX_GPW_100": 78438.19900000001,
        "CONTRAIL_GWP_20": -138607.23139976777,
        "CONTRAIL_GWP_100": -37644.46398243693
    },
    "altered_flight1": {
        "NOX_GPW_20": 276762.22,
        "NOX_GPW_100": 50711.09,
        "CONTRAIL_GWP_20": -4369.678152591665,
        "CONTRAIL_GWP_100": -1186.7648618970547
    }
}